PassengerId,Transported
0013_01_01,False
0018_01_01,False
0019_01_01,False
0021_01_01,False
0023_01_01,False
0027_01_01,False
0029_01_01,False
0032_01_01,False
0032_02_01,True
0033_01_01,True
0037_01_01,False
0040_01_01,False
0040_02_01,False
0042_01_01,False
0046_01_01,False
0046_02_01,False
0046_03_01,False
0047_01_01,False
0047_02_01,False
0047_03_01,True
0048_01_01,False
0049_01_01,True
0054_01_01,False
0054_02_01,True
0054_03_01,True
0055_01_01,False
0057_01_01,True
0059_01_01,False
0060_01_01,False
0063_01_01,True
0065_01_01,False
0075_01_01,False
0079_01_01,True
0080_01_01,False
0083_01_01,False
0087_01_01,False
0089_01_01,False
0093_01_01,False
0094_01_01,True
0094_02_01,False
0095_01_01,True
0096_01_01,True
0100_01_01,False
0100_02_01,True
0104_01_01,False
0106_01_01,False
0109_01_01,False
0117_01_01,False
0118_01_01,False
0121_01_01,False
0124_01_01,True
0125_01_01,True
0125_02_01,True
0130_01_01,True
0131_01_01,True
0132_01_01,True
0135_01_01,True
0137_01_01,False
0142_01_01,True
0142_02_01,False
0142_03_01,True
0143_01_01,True
0145_01_01,False
0150_01_01,False
0150_02_01,False
0153_01_01,False
0154_01_01,False
0155_01_01,False
0156_01_01,False
0157_01_01,False
0158_01_01,True
0158_02_01,False
0159_01_01,False
0161_01_01,True
0162_01_01,True
0166_01_01,False
0168_01_01,False
0175_01_01,True
0175_02_01,True
0175_03_01,True
0175_04_01,False
0175_05_01,True
0176_01_01,True
0180_01_01,False
0184_01_01,False
0185_01_01,False
0187_01_01,True
0191_01_01,False
0194_01_01,True
0194_02_01,True
0194_03_01,True
0204_01_01,True
0208_01_01,True
0209_01_01,False
0214_01_01,False
0214_02_01,False
0215_01_01,False
0218_01_01,False
0226_01_01,True
0227_01_01,False
0228_01_01,False
0228_02_01,True
0228_03_01,True
0228_04_01,False
0230_01_01,True
0230_02_01,False
0235_01_01,False
0236_01_01,False
0238_01_01,False
0247_01_01,True
0247_02_01,True
0249_01_01,False
0256_01_01,False
0259_01_01,True
0262_01_01,False
0264_01_01,True
0264_02_01,False
0264_03_01,True
0266_01_01,False
0266_02_01,False
0268_01_01,False
0268_02_01,True
0271_01_01,False
0272_01_01,False
0273_01_01,False
0273_02_01,False
0273_03_01,False
0274_01_01,True
0274_02_01,False
0276_01_01,True
0276_02_01,False
0279_01_01,True
0280_01_01,False
0284_01_01,False
0292_01_01,False
0293_01_01,True
0295_01_01,True
0296_01_01,True
0299_01_01,True
0300_01_01,True
0308_01_01,True
0311_01_01,True
0312_01_01,False
0317_01_01,False
0318_01_01,False
0319_01_01,False
0319_02_01,True
0323_01_01,True
0325_01_01,True
0328_01_01,False
0329_01_01,True
0332_01_01,False
0335_01_01,False
0339_01_01,False
0339_02_01,True
0339_03_01,False
0339_04_01,True
0339_05_01,True
0339_06_01,True
0339_07_01,True
0339_08_01,False
0342_01_01,False
0342_02_01,False
0344_01_01,False
0344_02_01,False
0349_01_01,False
0349_02_01,False
0349_03_01,False
0349_04_01,True
0349_05_01,False
0349_06_01,False
0351_01_01,False
0353_01_01,True
0353_02_01,False
0354_01_01,False
0362_01_01,False
0363_01_01,False
0363_02_01,False
0363_03_01,True
0364_01_01,False
0364_02_01,False
0366_01_01,False
0367_01_01,False
0374_01_01,False
0374_02_01,False
0386_01_01,True
0390_01_01,True
0393_01_01,True
0394_01_01,False
0399_01_01,False
0400_01_01,False
0404_01_01,True
0406_01_01,False
0414_01_01,False
0416_01_01,False
0418_01_01,False
0419_01_01,True
0419_02_01,True
0419_03_01,True
0420_01_01,False
0421_01_01,True
0422_01_01,False
0424_01_01,False
0426_01_01,False
0440_01_01,False
0443_01_01,False
0450_01_01,False
0451_01_01,True
0455_01_01,False
0464_01_01,True
0467_01_01,False
0467_02_01,False
0467_03_01,False
0467_04_01,True
0469_01_01,False
0473_01_01,False
0478_01_01,False
0478_02_01,False
0479_01_01,True
0483_01_01,True
0483_02_01,False
0484_01_01,True
0486_01_01,False
0489_01_01,False
0489_02_01,False
0491_01_01,False
0492_01_01,False
0493_01_01,False
0494_01_01,True
0494_02_01,False
0495_01_01,True
0495_02_01,True
0495_03_01,True
0495_04_01,True
0495_05_01,False
0495_06_01,True
0496_01_01,True
0496_02_01,True
0497_01_01,False
0505_01_01,False
0508_01_01,False
0509_01_01,False
0511_01_01,True
0514_01_01,False
0524_01_01,False
0526_01_01,False
0530_01_01,False
0530_02_01,True
0530_03_01,True
0532_01_01,True
0532_02_01,False
0535_01_01,True
0536_01_01,True
0536_02_01,False
0541_01_01,False
0543_01_01,False
0544_01_01,False
0554_01_01,True
0557_01_01,False
0557_02_01,False
0558_01_01,False
0562_01_01,False
0562_02_01,False
0574_01_01,False
0578_01_01,False
0578_02_01,False
0584_01_01,False
0584_02_01,True
0592_01_01,False
0595_01_01,True
0601_01_01,True
0604_01_01,False
0605_01_01,True
0606_01_01,False
0613_01_01,False
0613_02_01,False
0616_01_01,False
0617_01_01,True
0620_01_01,False
0620_02_01,True
0620_03_01,True
0621_01_01,False
0622_01_01,True
0624_01_01,True
0625_01_01,True
0625_02_01,False
0625_03_01,True
0626_01_01,True
0626_02_01,False
0626_03_01,False
0627_01_01,False
0632_01_01,False
0632_02_01,True
0632_03_01,False
0640_01_01,False
0640_02_01,True
0648_01_01,True
0648_02_01,False
0649_01_01,True
0651_01_01,False
0652_01_01,True
0652_02_01,True
0652_03_01,True
0652_04_01,False
0652_05_01,True
0654_01_01,False
0662_01_01,False
0666_01_01,False
0666_02_01,False
0667_01_01,False
0670_01_01,True
0670_02_01,False
0673_01_01,False
0675_01_01,False
0676_01_01,False
0681_01_01,False
0692_01_01,True
0694_01_01,False
0695_01_01,True
0698_01_01,False
0700_01_01,False
0706_01_01,True
0708_01_01,True
0708_02_01,True
0711_01_01,True
0716_01_01,False
0717_01_01,False
0717_02_01,True
0717_03_01,True
0717_04_01,False
0717_05_01,True
0717_06_01,False
0717_07_01,True
0720_01_01,False
0720_02_01,False
0720_03_01,False
0721_01_01,False
0722_01_01,False
0723_01_01,True
0725_01_01,False
0730_01_01,False
0731_01_01,False
0731_02_01,False
0735_01_01,False
0739_01_01,False
0741_01_01,True
0742_01_01,False
0742_02_01,False
0744_01_01,True
0745_01_01,False
0747_01_01,False
0748_01_01,False
0748_02_01,False
0749_01_01,False
0751_01_01,False
0752_01_01,False
0755_01_01,False
0758_01_01,False
0758_02_01,False
0758_03_01,False
0759_01_01,True
0759_02_01,True
0759_03_01,False
0760_01_01,False
0763_01_01,False
0763_02_01,True
0766_01_01,False
0774_01_01,False
0774_02_01,True
0774_03_01,False
0775_01_01,True
0775_02_01,True
0775_03_01,False
0775_04_01,False
0775_05_01,False
0775_06_01,True
0778_01_01,False
0778_02_01,True
0780_01_01,True
0783_01_01,True
0792_01_01,True
0800_01_01,True
0801_01_01,False
0803_01_01,True
0804_01_01,True
0807_01_01,True
0810_01_01,True
0812_01_01,False
0814_01_01,False
0821_01_01,True
0827_01_01,False
0827_02_01,True
0827_03_01,False
0831_01_01,False
0832_01_01,False
0837_01_01,True
0837_02_01,True
0838_01_01,False
0838_02_01,False
0841_01_01,False
0842_01_01,False
0843_01_01,False
0844_01_01,False
0847_01_01,True
0852_01_01,False
0854_01_01,False
0855_01_01,False
0856_01_01,True
0857_01_01,True
0858_01_01,False
0858_02_01,False
0861_01_01,True
0862_01_01,False
0864_01_01,False
0864_02_01,True
0864_03_01,True
0866_01_01,False
0872_01_01,False
0880_01_01,True
0880_02_01,False
0882_01_01,False
0884_01_01,True
0884_02_01,True
0886_01_01,True
0886_02_01,False
0886_03_01,True
0887_01_01,False
0887_02_01,False
0888_01_01,False
0888_02_01,False
0891_01_01,False
0892_01_01,False
0892_02_01,False
0892_03_01,True
0894_01_01,True
0895_01_01,True
0896_01_01,False
0897_01_01,True
0897_02_01,True
0900_01_01,False
0908_01_01,True
0909_01_01,True
0909_02_01,True
0909_03_01,False
0914_01_01,False
0916_01_01,False
0917_01_01,True
0920_01_01,False
0929_01_01,True
0934_01_01,True
0936_01_01,False
0937_01_01,False
0943_01_01,False
0943_02_01,True
0943_03_01,True
0945_01_01,True
0945_02_01,False
0948_01_01,False
0950_01_01,False
0954_01_01,True
0958_01_01,False
0959_01_01,False
0962_01_01,False
0963_01_01,False
0967_01_01,False
0973_01_01,False
0974_01_01,False
0977_01_01,False
0980_01_01,False
0981_01_01,False
0981_02_01,False
0986_01_01,True
0986_02_01,True
0996_01_01,True
0999_01_01,False
0999_02_01,False
1003_01_01,False
1007_01_01,False
1009_01_01,True
1010_01_01,False
1016_01_01,True
1021_01_01,False
1023_01_01,False
1028_01_01,True
1037_01_01,False
1039_01_01,False
1042_01_01,True
1044_01_01,False
1050_01_01,False
1055_01_01,False
1059_01_01,True
1059_02_01,True
1061_01_01,False
1064_01_01,True
1064_02_01,False
1067_01_01,True
1069_01_01,True
1070_01_01,False
1072_01_01,False
1072_02_01,False
1072_03_01,False
1072_04_01,True
1072_05_01,False
1072_06_01,False
1072_07_01,True
1072_08_01,False
1073_01_01,False
1074_01_01,False
1074_02_01,True
1081_01_01,True
1087_01_01,False
1090_01_01,False
1090_02_01,True
1092_01_01,True
1098_01_01,False
1101_01_01,True
1103_01_01,False
1104_01_01,True
1106_01_01,False
1106_02_01,False
1107_01_01,False
1109_01_01,True
1111_01_01,True
1111_02_01,True
1111_03_01,True
1118_01_01,False
1118_02_01,True
1118_03_01,True
1118_04_01,False
1118_05_01,True
1119_01_01,False
1119_02_01,False
1120_01_01,False
1122_01_01,False
1124_01_01,False
1124_02_01,False
1124_03_01,True
1125_01_01,False
1125_02_01,False
1126_01_01,False
1128_01_01,True
1128_02_01,False
1131_01_01,False
1135_01_01,True
1135_02_01,True
1135_03_01,False
1135_04_01,False
1137_01_01,False
1137_02_01,True
1138_01_01,False
1139_01_01,False
1143_01_01,True
1145_01_01,True
1145_02_01,False
1145_03_01,False
1145_04_01,True
1151_01_01,True
1157_01_01,True
1158_01_01,False
1158_02_01,False
1159_01_01,False
1159_02_01,True
1159_03_01,True
1160_01_01,False
1164_01_01,False
1171_01_01,False
1172_01_01,False
1176_01_01,True
1181_01_01,False
1183_01_01,False
1183_02_01,False
1183_03_01,True
1184_01_01,False
1184_02_01,False
1189_01_01,True
1194_01_01,False
1196_01_01,True
1196_02_01,False
1200_01_01,True
1201_01_01,True
1201_02_01,False
1202_01_01,False
1204_01_01,False
1205_01_01,True
1207_01_01,True
1207_02_01,True
1207_03_01,True
1207_04_01,False
1209_01_01,True
1209_02_01,False
1217_01_01,True
1217_02_01,True
1219_01_01,True
1219_02_01,True
1224_01_01,True
1224_02_01,False
1226_01_01,False
1226_02_01,True
1227_01_01,True
1237_01_01,False
1241_01_01,False
1244_01_01,True
1245_01_01,True
1247_01_01,True
1249_01_01,False
1251_01_01,False
1252_01_01,True
1253_01_01,False
1257_01_01,False
1257_02_01,False
1257_03_01,False
1257_04_01,False
1262_01_01,True
1262_02_01,True
1265_01_01,False
1266_01_01,False
1268_01_01,True
1270_01_01,True
1272_01_01,True
1275_01_01,False
1276_01_01,False
1277_01_01,False
1290_01_01,False
1296_01_01,False
1297_01_01,False
1298_01_01,True
1301_01_01,True
1301_02_01,True
1301_03_01,False
1303_01_01,False
1305_01_01,False
1313_01_01,False
1314_01_01,True
1315_01_01,False
1318_01_01,True
1319_01_01,False
1319_02_01,False
1320_01_01,True
1320_02_01,True
1320_03_01,True
1321_01_01,True
1321_02_01,True
1321_03_01,False
1321_04_01,False
1327_01_01,False
1329_01_01,False
1334_01_01,False
1338_01_01,True
1338_02_01,True
1339_01_01,True
1341_01_01,False
1341_02_01,True
1341_03_01,True
1343_01_01,False
1343_02_01,True
1343_03_01,True
1344_01_01,True
1346_01_01,True
1349_01_01,True
1349_02_01,True
1354_01_01,True
1354_02_01,False
1354_03_01,True
1354_04_01,False
1354_05_01,False
1354_06_01,False
1354_07_01,False
1358_01_01,False
1358_02_01,False
1359_01_01,True
1361_01_01,False
1361_02_01,False
1363_01_01,False
1364_01_01,True
1364_02_01,False
1367_01_01,True
1369_01_01,False
1369_02_01,False
1369_03_01,False
1372_01_01,False
1373_01_01,False
1374_01_01,True
1388_01_01,True
1392_01_01,False
1394_01_01,False
1396_01_01,False
1405_01_01,False
1409_01_01,False
1409_02_01,True
1411_01_01,False
1418_01_01,False
1422_01_01,False
1422_02_01,False
1422_03_01,True
1429_01_01,True
1432_01_01,False
1432_02_01,False
1436_01_01,False
1437_01_01,True
1441_01_01,False
1446_01_01,False
1448_01_01,False
1449_01_01,False
1456_01_01,True
1459_01_01,True
1464_01_01,False
1466_01_01,False
1468_01_01,True
1469_01_01,False
1469_02_01,False
1470_01_01,False
1471_01_01,False
1471_02_01,True
1471_03_01,True
1471_04_01,True
1471_05_01,False
1472_01_01,True
1473_01_01,True
1473_02_01,False
1475_01_01,True
1476_01_01,True
1477_01_01,False
1477_02_01,False
1480_01_01,False
1482_01_01,False
1483_01_01,False
1486_01_01,False
1487_01_01,True
1487_02_01,False
1492_01_01,False
1492_02_01,False
1494_01_01,True
1495_01_01,False
1495_02_01,True
1496_01_01,False
1497_01_01,False
1497_02_01,False
1502_01_01,True
1502_02_01,True
1502_03_01,True
1502_04_01,True
1504_01_01,False
1505_01_01,False
1508_01_01,False
1512_01_01,False
1513_01_01,False
1514_01_01,True
1516_01_01,False
1517_01_01,False
1518_01_01,True
1518_02_01,False
1519_01_01,False
1522_01_01,False
1530_01_01,False
1534_01_01,False
1534_02_01,False
1535_01_01,True
1537_01_01,False
1538_01_01,False
1538_02_01,True
1546_01_01,False
1549_01_01,False
1553_01_01,False
1553_02_01,False
1554_01_01,True
1554_02_01,False
1556_01_01,False
1557_01_01,True
1559_01_01,False
1559_02_01,False
1563_01_01,True
1566_01_01,True
1570_01_01,True
1571_01_01,False
1574_01_01,False
1575_01_01,True
1582_01_01,False
1582_02_01,True
1583_01_01,False
1586_01_01,False
1587_01_01,False
1587_02_01,True
1589_01_01,False
1591_01_01,False
1591_02_01,False
1598_01_01,False
1598_02_01,False
1600_01_01,True
1605_01_01,False
1607_01_01,True
1609_01_01,False
1610_01_01,True
1616_01_01,False
1618_01_01,False
1620_01_01,True
1623_01_01,True
1627_01_01,False
1629_01_01,True
1629_02_01,True
1629_03_01,False
1629_04_01,False
1629_05_01,False
1629_06_01,True
1639_01_01,False
1641_01_01,True
1642_01_01,False
1643_01_01,False
1648_01_01,False
1652_01_01,True
1654_01_01,False
1664_01_01,False
1665_01_01,False
1665_02_01,True
1667_01_01,False
1675_01_01,True
1678_01_01,False
1679_01_01,False
1680_01_01,True
1680_02_01,True
1683_01_01,False
1684_01_01,False
1686_01_01,False
1689_01_01,True
1689_02_01,False
1689_03_01,True
1692_01_01,False
1693_01_01,False
1701_01_01,False
1702_01_01,True
1703_01_01,False
1706_01_01,False
1707_01_01,True
1716_01_01,False
1720_01_01,False
1722_01_01,True
1726_01_01,False
1726_02_01,True
1726_03_01,False
1732_01_01,False
1735_01_01,False
1737_01_01,False
1741_01_01,False
1741_02_01,True
1741_03_01,True
1743_01_01,True
1744_01_01,False
1750_01_01,True
1751_01_01,True
1751_02_01,True
1754_01_01,False
1756_01_01,False
1759_01_01,False
1765_01_01,False
1773_01_01,True
1777_01_01,True
1777_02_01,False
1780_01_01,False
1784_01_01,False
1787_01_01,True
1788_01_01,False
1789_01_01,True
1790_01_01,True
1790_02_01,True
1791_01_01,True
1791_02_01,False
1793_01_01,False
1793_02_01,False
1794_01_01,False
1795_01_01,True
1801_01_01,True
1801_02_01,False
1809_01_01,False
1814_01_01,True
1814_02_01,True
1814_03_01,True
1815_01_01,False
1819_01_01,False
1820_01_01,False
1824_01_01,True
1825_01_01,False
1825_02_01,False
1830_01_01,True
1832_01_01,True
1835_01_01,False
1835_02_01,False
1837_01_01,True
1838_01_01,False
1839_01_01,False
1840_01_01,False
1842_01_01,False
1845_01_01,False
1851_01_01,True
1851_02_01,False
1852_01_01,True
1852_02_01,True
1852_03_01,False
1852_04_01,True
1858_01_01,True
1862_01_01,True
1862_02_01,True
1862_03_01,True
1867_01_01,True
1869_01_01,False
1870_01_01,False
1875_01_01,False
1876_01_01,False
1883_01_01,True
1885_01_01,True
1893_01_01,True
1894_01_01,False
1895_01_01,False
1896_01_01,False
1900_01_01,False
1904_01_01,False
1909_01_01,False
1909_02_01,True
1909_03_01,False
1910_01_01,True
1910_02_01,True
1910_03_01,False
1910_04_01,True
1912_01_01,False
1913_01_01,True
1913_02_01,False
1913_03_01,False
1914_01_01,False
1917_01_01,True
1919_01_01,True
1921_01_01,True
1921_02_01,False
1924_01_01,True
1929_01_01,False
1930_01_01,True
1932_01_01,False
1934_01_01,False
1936_01_01,False
1943_01_01,True
1944_01_01,False
1948_01_01,False
1948_02_01,True
1949_01_01,False
1951_01_01,True
1951_02_01,True
1954_01_01,True
1955_01_01,False
1958_01_01,False
1965_01_01,False
1966_01_01,True
1970_01_01,False
1972_01_01,False
1982_01_01,False
1986_01_01,False
1987_01_01,False
1989_01_01,True
1990_01_01,False
1990_02_01,False
1998_01_01,False
2002_01_01,False
2004_01_01,False
2005_01_01,False
2005_02_01,True
2008_01_01,True
2014_01_01,False
2016_01_01,True
2016_02_01,True
2017_01_01,False
2017_02_01,False
2018_01_01,True
2020_01_01,False
2021_01_01,False
2023_01_01,False
2023_02_01,True
2023_03_01,True
2025_01_01,True
2030_01_01,False
2031_01_01,False
2033_01_01,True
2035_01_01,False
2035_02_01,False
2036_01_01,True
2036_02_01,False
2036_03_01,True
2037_01_01,False
2037_02_01,True
2039_01_01,True
2039_02_01,False
2039_03_01,False
2047_01_01,False
2048_01_01,False
2049_01_01,True
2050_01_01,False
2057_01_01,False
2057_02_01,False
2057_03_01,False
2057_04_01,False
2057_05_01,False
2058_01_01,True
2064_01_01,False
2068_01_01,True
2068_02_01,True
2068_03_01,False
2068_04_01,True
2068_05_01,False
2069_01_01,False
2072_01_01,False
2072_02_01,False
2076_01_01,False
2077_01_01,False
2078_01_01,True
2079_01_01,True
2079_02_01,False
2079_03_01,True
2093_01_01,True
2098_01_01,False
2101_01_01,True
2101_02_01,True
2103_01_01,False
2108_01_01,True
2108_02_01,False
2109_01_01,False
2113_01_01,True
2119_01_01,False
2119_02_01,False
2122_01_01,False
2132_01_01,False
2146_01_01,False
2146_02_01,False
2151_01_01,False
2155_01_01,False
2157_01_01,False
2160_01_01,False
2160_02_01,True
2160_03_01,False
2165_01_01,False
2166_01_01,False
2169_01_01,False
2170_01_01,False
2174_01_01,True
2176_01_01,True
2178_01_01,False
2181_01_01,False
2184_01_01,True
2184_02_01,True
2185_01_01,False
2192_01_01,False
2197_01_01,True
2199_01_01,True
2208_01_01,False
2213_01_01,False
2214_01_01,False
2216_01_01,False
2217_01_01,False
2218_01_01,True
2222_01_01,False
2226_01_01,False
2227_01_01,False
2230_01_01,True
2236_01_01,True
2240_01_01,True
2240_02_01,False
2240_03_01,True
2242_01_01,True
2244_01_01,False
2245_01_01,True
2245_02_01,False
2246_01_01,True
2246_02_01,False
2247_01_01,True
2248_01_01,False
2249_01_01,False
2250_01_01,False
2259_01_01,True
2259_02_01,True
2260_01_01,False
2265_01_01,False
2271_01_01,False
2276_01_01,False
2276_02_01,False
2283_01_01,True
2285_01_01,False
2286_01_01,False
2290_01_01,False
2292_01_01,False
2293_01_01,False
2294_01_01,True
2297_01_01,False
2304_01_01,False
2307_01_01,True
2307_02_01,True
2307_03_01,True
2307_04_01,True
2307_05_01,True
2322_01_01,False
2323_01_01,False
2324_01_01,True
2326_01_01,False
2328_01_01,False
2330_01_01,False
2331_01_01,True
2334_01_01,True
2335_01_01,False
2337_01_01,True
2342_01_01,True
2343_01_01,True
2343_02_01,False
2344_01_01,True
2344_02_01,True
2346_01_01,False
2350_01_01,False
2350_02_01,False
2350_03_01,True
2351_01_01,False
2351_02_01,False
2352_01_01,True
2354_01_01,True
2355_01_01,False
2355_02_01,True
2355_03_01,False
2355_04_01,True
2358_01_01,False
2359_01_01,False
2362_01_01,False
2370_01_01,False
2370_02_01,True
2370_03_01,True
2370_04_01,True
2371_01_01,True
2372_01_01,False
2378_01_01,False
2378_02_01,True
2380_01_01,False
2380_02_01,True
2381_01_01,False
2383_01_01,True
2383_02_01,False
2386_01_01,True
2388_01_01,False
2388_02_01,True
2393_01_01,False
2394_01_01,False
2394_02_01,False
2394_03_01,True
2400_01_01,True
2405_01_01,False
2407_01_01,True
2408_01_01,False
2415_01_01,False
2418_01_01,False
2420_01_01,False
2422_01_01,True
2422_02_01,True
2425_01_01,True
2425_02_01,True
2425_03_01,False
2425_04_01,False
2425_05_01,True
2425_06_01,True
2428_01_01,True
2430_01_01,False
2430_02_01,True
2430_03_01,True
2434_01_01,False
2434_02_01,False
2437_01_01,False
2440_01_01,False
2447_01_01,False
2448_01_01,True
2448_02_01,True
2450_01_01,False
2459_01_01,True
2464_01_01,False
2465_01_01,True
2468_01_01,True
2469_01_01,False
2469_02_01,False
2473_01_01,False
2481_01_01,True
2481_02_01,False
2482_01_01,True
2482_02_01,True
2484_01_01,True
2484_02_01,False
2485_01_01,False
2487_01_01,True
2487_02_01,False
2487_03_01,False
2490_01_01,False
2493_01_01,True
2493_02_01,False
2494_01_01,False
2494_02_01,True
2495_01_01,True
2501_01_01,True
2504_01_01,False
2507_01_01,False
2511_01_01,False
2514_01_01,False
2517_01_01,False
2525_01_01,True
2529_01_01,True
2533_01_01,True
2536_01_01,True
2538_01_01,False
2538_02_01,False
2539_01_01,False
2543_01_01,False
2554_01_01,True
2556_01_01,True
2563_01_01,True
2566_01_01,True
2567_01_01,True
2567_02_01,False
2568_01_01,False
2569_01_01,False
2570_01_01,False
2575_01_01,True
2576_01_01,False
2577_01_01,False
2577_02_01,True
2579_01_01,False
2583_01_01,False
2585_01_01,True
2586_01_01,False
2587_01_01,True
2587_02_01,False
2600_01_01,True
2603_01_01,False
2603_02_01,True
2604_01_01,False
2608_01_01,False
2610_01_01,False
2611_01_01,False
2612_01_01,False
2613_01_01,False
2614_01_01,False
2615_01_01,False
2620_01_01,True
2621_01_01,True
2623_01_01,False
2630_01_01,True
2630_02_01,True
2630_03_01,True
2632_01_01,False
2637_01_01,False
2637_02_01,True
2637_03_01,True
2639_01_01,False
2644_01_01,False
2653_01_01,False
2654_01_01,True
2656_01_01,True
2665_01_01,True
2667_01_01,True
2667_02_01,False
2667_03_01,False
2667_04_01,False
2667_05_01,True
2669_01_01,False
2673_01_01,True
2674_01_01,False
2674_02_01,False
2680_01_01,False
2681_01_01,False
2686_01_01,True
2689_01_01,True
2694_01_01,True
2694_02_01,False
2696_01_01,False
2699_01_01,False
2705_01_01,False
2710_01_01,False
2710_02_01,True
2711_01_01,False
2715_01_01,False
2715_02_01,True
2716_01_01,False
2716_02_01,True
2719_01_01,False
2719_02_01,True
2719_03_01,True
2728_01_01,False
2731_01_01,False
2733_01_01,False
2735_01_01,False
2742_01_01,True
2744_01_01,True
2749_01_01,True
2757_01_01,False
2761_01_01,True
2761_02_01,False
2766_01_01,True
2767_01_01,False
2771_01_01,False
2775_01_01,False
2776_01_01,True
2777_01_01,False
2779_01_01,False
2782_01_01,False
2791_01_01,False
2794_01_01,False
2794_02_01,False
2794_03_01,False
2794_04_01,True
2794_05_01,True
2794_06_01,True
2794_07_01,False
2800_01_01,True
2803_01_01,False
2804_01_01,False
2808_01_01,True
2808_02_01,False
2815_01_01,False
2815_02_01,True
2815_03_01,False
2816_01_01,False
2827_01_01,True
2828_01_01,True
2829_01_01,False
2830_01_01,False
2833_01_01,True
2836_01_01,False
2841_01_01,False
2842_01_01,False
2844_01_01,True
2845_01_01,True
2845_02_01,True
2848_01_01,False
2848_02_01,True
2848_03_01,True
2849_01_01,False
2850_01_01,True
2850_02_01,True
2850_03_01,False
2850_04_01,True
2851_01_01,True
2855_01_01,True
2864_01_01,False
2868_01_01,True
2868_02_01,True
2868_03_01,True
2868_04_01,False
2874_01_01,False
2879_01_01,False
2885_01_01,False
2886_01_01,False
2889_01_01,False
2895_01_01,True
2896_01_01,False
2898_01_01,False
2898_02_01,False
2903_01_01,True
2904_01_01,False
2904_02_01,False
2911_01_01,False
2914_01_01,False
2915_01_01,False
2916_01_01,False
2917_01_01,True
2918_01_01,True
2921_01_01,False
2922_01_01,False
2923_01_01,True
2924_01_01,True
2931_01_01,False
2931_02_01,True
2932_01_01,True
2933_01_01,False
2937_01_01,False
2939_01_01,True
2946_01_01,False
2946_02_01,False
2946_03_01,False
2946_04_01,False
2947_01_01,True
2951_01_01,False
2952_01_01,True
2955_01_01,False
2957_01_01,False
2963_01_01,True
2967_01_01,False
2973_01_01,False
2974_01_01,True
2976_01_01,True
2976_02_01,True
2976_03_01,False
2976_04_01,True
2977_01_01,False
2977_02_01,False
2977_03_01,True
2978_01_01,False
2980_01_01,False
2981_01_01,True
2985_01_01,False
2987_01_01,True
2989_01_01,False
2991_01_01,False
2997_01_01,True
2997_02_01,False
2997_03_01,True
2997_04_01,True
2999_01_01,False
3002_01_01,False
3007_01_01,False
3008_01_01,True
3008_02_01,False
3008_03_01,False
3008_04_01,False
3008_05_01,True
3008_06_01,True
3011_01_01,False
3016_01_01,True
3016_02_01,True
3016_03_01,True
3016_04_01,False
3017_01_01,False
3028_01_01,False
3031_01_01,True
3035_01_01,False
3037_01_01,True
3037_02_01,True
3041_01_01,True
3043_01_01,False
3046_01_01,False
3049_01_01,False
3051_01_01,False
3052_01_01,False
3056_01_01,True
3057_01_01,True
3058_01_01,False
3059_01_01,False
3069_01_01,False
3072_01_01,True
3074_01_01,True
3075_01_01,True
3077_01_01,False
3077_02_01,True
3078_01_01,False
3078_02_01,False
3078_03_01,False
3078_04_01,False
3086_01_01,True
3089_01_01,False
3094_01_01,False
3097_01_01,True
3098_01_01,False
3101_01_01,False
3105_01_01,False
3105_02_01,False
3105_03_01,True
3106_01_01,False
3107_01_01,False
3108_01_01,False
3109_01_01,False
3115_01_01,False
3122_01_01,True
3122_02_01,False
3125_01_01,False
3125_02_01,True
3127_01_01,True
3129_01_01,False
3135_01_01,True
3137_01_01,True
3139_01_01,False
3141_01_01,False
3144_01_01,False
3146_01_01,False
3148_01_01,False
3148_02_01,False
3150_01_01,True
3151_01_01,True
3153_01_01,False
3153_02_01,True
3154_01_01,False
3155_01_01,False
3155_02_01,True
3156_01_01,False
3157_01_01,False
3160_01_01,False
3165_01_01,True
3167_01_01,False
3170_01_01,False
3173_01_01,False
3177_01_01,False
3178_01_01,False
3183_01_01,False
3186_01_01,False
3187_01_01,False
3190_01_01,False
3190_02_01,True
3194_01_01,False
3198_01_01,False
3199_01_01,False
3202_01_01,False
3207_01_01,True
3208_01_01,False
3214_01_01,False
3222_01_01,False
3226_01_01,False
3228_01_01,True
3231_01_01,True
3233_01_01,True
3234_01_01,False
3242_01_01,False
3244_01_01,True
3244_02_01,False
3244_03_01,True
3245_01_01,False
3245_02_01,False
3246_01_01,False
3249_01_01,False
3249_02_01,False
3250_01_01,False
3251_01_01,True
3257_01_01,False
3261_01_01,True
3263_01_01,False
3264_01_01,False
3265_01_01,True
3265_02_01,False
3265_03_01,True
3265_04_01,True
3266_01_01,False
3267_01_01,True
3277_01_01,False
3278_01_01,True
3281_01_01,False
3285_01_01,False
3285_02_01,True
3286_01_01,False
3288_01_01,False
3290_01_01,False
3290_02_01,True
3291_01_01,False
3302_01_01,False
3303_01_01,False
3306_01_01,False
3307_01_01,True
3316_01_01,False
3320_01_01,True
3320_02_01,True
3321_01_01,False
3333_01_01,False
3334_01_01,False
3335_01_01,False
3340_01_01,True
3341_01_01,True
3341_02_01,True
3344_01_01,False
3344_02_01,True
3345_01_01,True
3345_02_01,True
3345_03_01,True
3346_01_01,False
3347_01_01,True
3347_02_01,True
3351_01_01,True
3351_02_01,True
3354_01_01,False
3355_01_01,True
3356_01_01,True
3358_01_01,False
3362_01_01,True
3362_02_01,True
3366_01_01,False
3367_01_01,True
3368_01_01,False
3368_02_01,True
3368_03_01,False
3368_04_01,False
3368_05_01,True
3368_06_01,True
3368_07_01,False
3369_01_01,False
3373_01_01,False
3374_01_01,False
3375_01_01,False
3376_01_01,True
3378_01_01,True
3379_01_01,False
3385_01_01,False
3388_01_01,True
3393_01_01,True
3398_01_01,True
3399_01_01,False
3400_01_01,False
3407_01_01,False
3407_02_01,False
3411_01_01,False
3411_02_01,False
3411_03_01,False
3411_04_01,True
3411_05_01,False
3411_06_01,True
3411_07_01,False
3414_01_01,False
3416_01_01,False
3427_01_01,False
3429_01_01,False
3435_01_01,False
3436_01_01,True
3448_01_01,False
3448_02_01,False
3451_01_01,False
3452_01_01,False
3457_01_01,True
3460_01_01,False
3463_01_01,False
3466_01_01,False
3471_01_01,False
3472_01_01,False
3477_01_01,False
3477_02_01,True
3479_01_01,False
3481_01_01,False
3482_01_01,False
3482_02_01,True
3493_01_01,False
3494_01_01,False
3494_02_01,False
3498_01_01,True
3500_01_01,True
3502_01_01,False
3503_01_01,True
3505_01_01,False
3507_01_01,False
3508_01_01,False
3508_02_01,False
3509_01_01,False
3509_02_01,False
3510_01_01,True
3513_01_01,True
3513_02_01,False
3513_03_01,True
3513_04_01,True
3516_01_01,False
3517_01_01,False
3522_01_01,False
3524_01_01,False
3526_01_01,False
3529_01_01,True
3532_01_01,False
3538_01_01,True
3541_01_01,False
3544_01_01,True
3544_02_01,True
3545_01_01,True
3549_01_01,False
3549_02_01,False
3551_01_01,False
3554_01_01,True
3557_01_01,False
3571_01_01,False
3574_01_01,False
3575_01_01,True
3580_01_01,True
3580_02_01,False
3581_01_01,False
3583_01_01,False
3585_01_01,True
3587_01_01,False
3587_02_01,True
3587_03_01,True
3589_01_01,False
3589_02_01,True
3589_03_01,True
3589_04_01,False
3589_05_01,True
3589_06_01,True
3589_07_01,True
3590_01_01,False
3593_01_01,False
3599_01_01,False
3601_01_01,False
3601_02_01,True
3601_03_01,True
3601_04_01,True
3601_05_01,False
3601_06_01,False
3601_07_01,True
3603_01_01,False
3603_02_01,True
3604_01_01,False
3611_01_01,False
3617_01_01,False
3617_02_01,True
3617_03_01,False
3618_01_01,True
3618_02_01,True
3618_03_01,True
3618_04_01,False
3621_01_01,False
3621_02_01,True
3623_01_01,True
3627_01_01,False
3632_01_01,False
3633_01_01,False
3635_01_01,True
3635_02_01,False
3637_01_01,False
3638_01_01,False
3643_01_01,False
3646_01_01,True
3646_02_01,False
3649_01_01,False
3651_01_01,False
3656_01_01,True
3656_02_01,False
3657_01_01,True
3657_02_01,True
3657_03_01,False
3659_01_01,False
3659_02_01,True
3659_03_01,True
3659_04_01,True
3659_05_01,False
3659_06_01,False
3659_07_01,True
3661_01_01,False
3663_01_01,False
3666_01_01,True
3669_01_01,True
3670_01_01,True
3672_01_01,True
3672_02_01,True
3673_01_01,True
3675_01_01,False
3675_02_01,False
3675_03_01,True
3676_01_01,False
3683_01_01,False
3683_02_01,False
3684_01_01,False
3684_02_01,False
3685_01_01,False
3687_01_01,True
3689_01_01,False
3694_01_01,True
3695_01_01,True
3696_01_01,False
3697_01_01,False
3698_01_01,True
3701_01_01,False
3701_02_01,True
3701_03_01,True
3709_01_01,True
3712_01_01,True
3712_02_01,True
3712_03_01,True
3712_04_01,True
3712_05_01,False
3717_01_01,False
3717_02_01,False
3718_01_01,False
3720_01_01,False
3720_02_01,True
3720_03_01,False
3721_01_01,False
3722_01_01,False
3723_01_01,False
3725_01_01,True
3727_01_01,True
3730_01_01,False
3731_01_01,True
3738_01_01,False
3740_01_01,False
3746_01_01,False
3746_02_01,True
3746_03_01,False
3746_04_01,True
3762_01_01,False
3763_01_01,True
3764_01_01,True
3764_02_01,True
3766_01_01,False
3766_02_01,True
3780_01_01,True
3782_01_01,False
3782_02_01,False
3791_01_01,False
3792_01_01,False
3794_01_01,True
3799_01_01,False
3800_01_01,True
3802_01_01,False
3806_01_01,True
3808_01_01,False
3809_01_01,False
3809_02_01,False
3813_01_01,False
3819_01_01,True
3825_01_01,False
3827_01_01,True
3828_01_01,False
3828_02_01,False
3828_03_01,True
3829_01_01,True
3829_02_01,False
3833_01_01,True
3834_01_01,True
3837_01_01,True
3840_01_01,False
3843_01_01,False
3844_01_01,True
3844_02_01,True
3845_01_01,False
3855_01_01,True
3858_01_01,True
3858_02_01,True
3858_03_01,False
3858_04_01,False
3859_01_01,False
3860_01_01,True
3861_01_01,False
3863_01_01,False
3865_01_01,False
3869_01_01,False
3876_01_01,True
3876_02_01,False
3876_03_01,False
3877_01_01,True
3878_01_01,True
3880_01_01,False
3881_01_01,False
3882_01_01,True
3884_01_01,True
3885_01_01,False
3887_01_01,True
3889_01_01,False
3889_02_01,True
3891_01_01,False
3892_01_01,False
3892_02_01,False
3893_01_01,True
3893_02_01,True
3893_03_01,False
3900_01_01,False
3901_01_01,False
3902_01_01,False
3905_01_01,True
3906_01_01,True
3906_02_01,False
3908_01_01,False
3908_02_01,True
3910_01_01,True
3914_01_01,False
3918_01_01,False
3920_01_01,True
3925_01_01,False
3925_02_01,False
3929_01_01,True
3934_01_01,False
3934_02_01,False
3943_01_01,False
3943_02_01,False
3943_03_01,False
3947_01_01,False
3951_01_01,False
3953_01_01,False
3956_01_01,False
3957_01_01,False
3965_01_01,False
3969_01_01,False
3972_01_01,True
3975_01_01,False
3978_01_01,False
3979_01_01,False
3982_01_01,False
3983_01_01,False
3989_01_01,True
3989_02_01,True
3989_03_01,True
3989_04_01,True
3990_01_01,False
3993_01_01,True
4004_01_01,False
4007_01_01,True
4011_01_01,True
4012_01_01,True
4012_02_01,True
4015_01_01,False
4015_02_01,False
4024_01_01,True
4025_01_01,False
4028_01_01,False
4029_01_01,False
4041_01_01,False
4048_01_01,True
4048_02_01,False
4048_03_01,False
4051_01_01,False
4052_01_01,False
4054_01_01,True
4054_02_01,False
4054_03_01,False
4056_01_01,False
4057_01_01,False
4059_01_01,True
4059_02_01,False
4062_01_01,True
4067_01_01,False
4070_01_01,False
4070_02_01,True
4070_03_01,False
4073_01_01,False
4073_02_01,True
4074_01_01,False
4077_01_01,True
4085_01_01,True
4086_01_01,False
4086_02_01,False
4086_03_01,False
4087_01_01,True
4088_01_01,False
4092_01_01,False
4094_01_01,False
4094_02_01,True
4100_01_01,True
4105_01_01,False
4111_01_01,True
4117_01_01,False
4118_01_01,True
4119_01_01,False
4121_01_01,False
4122_01_01,False
4123_01_01,False
4124_01_01,True
4126_01_01,True
4133_01_01,True
4133_02_01,False
4136_01_01,True
4136_02_01,True
4138_01_01,False
4139_01_01,True
4146_01_01,False
4148_01_01,False
4153_01_01,False
4155_01_01,False
4157_01_01,True
4161_01_01,False
4162_01_01,False
4164_01_01,False
4180_01_01,False
4180_02_01,True
4187_01_01,False
4190_01_01,False
4192_01_01,True
4193_01_01,True
4195_01_01,True
4198_01_01,False
4200_01_01,False
4201_01_01,False
4202_01_01,False
4202_02_01,False
4209_01_01,False
4217_01_01,False
4224_01_01,False
4224_02_01,False
4226_01_01,False
4226_02_01,False
4227_01_01,False
4228_01_01,True
4234_01_01,False
4234_02_01,False
4235_01_01,False
4235_02_01,False
4236_01_01,False
4236_02_01,True
4241_01_01,True
4247_01_01,False
4247_02_01,False
4248_01_01,False
4248_02_01,False
4250_01_01,False
4263_01_01,False
4263_02_01,True
4263_03_01,True
4265_01_01,True
4268_01_01,False
4268_02_01,False
4269_01_01,False
4275_01_01,False
4276_01_01,False
4277_01_01,True
4279_01_01,True
4281_01_01,False
4282_01_01,True
4283_01_01,False
4284_01_01,False
4284_02_01,False
4285_01_01,False
4286_01_01,True
4286_02_01,False
4286_03_01,False
4287_01_01,False
4288_01_01,True
4288_02_01,False
4290_01_01,False
4298_01_01,False
4298_02_01,True
4298_03_01,False
4299_01_01,False
4304_01_01,False
4307_01_01,False
4308_01_01,False
4310_01_01,False
4313_01_01,False
4314_01_01,False
4321_01_01,False
4322_01_01,True
4323_01_01,True
4323_02_01,False
4323_03_01,False
4323_04_01,True
4325_01_01,False
4326_01_01,False
4328_01_01,True
4331_01_01,False
4341_01_01,False
4341_02_01,True
4342_01_01,False
4353_01_01,False
4355_01_01,False
4363_01_01,True
4374_01_01,False
4375_01_01,False
4377_01_01,False
4377_02_01,False
4377_03_01,True
4378_01_01,False
4378_02_01,True
4379_01_01,False
4380_01_01,False
4381_01_01,False
4381_02_01,False
4384_01_01,False
4385_01_01,True
4385_02_01,False
4385_03_01,True
4389_01_01,False
4394_01_01,False
4398_01_01,False
4406_01_01,False
4412_01_01,True
4414_01_01,True
4417_01_01,False
4418_01_01,True
4419_01_01,False
4419_02_01,False
4420_01_01,False
4420_02_01,False
4421_01_01,False
4423_01_01,False
4425_01_01,True
4425_02_01,True
4434_01_01,False
4435_01_01,True
4435_02_01,False
4439_01_01,False
4439_02_01,False
4442_01_01,True
4443_01_01,False
4443_02_01,True
4454_01_01,False
4455_01_01,False
4455_02_01,True
4455_03_01,False
4458_01_01,True
4460_01_01,True
4468_01_01,True
4471_01_01,True
4478_01_01,False
4480_01_01,True
4481_01_01,True
4484_01_01,False
4488_01_01,False
4489_01_01,True
4495_01_01,True
4499_01_01,False
4503_01_01,True
4504_01_01,False
4507_01_01,False
4513_01_01,False
4519_01_01,False
4520_01_01,False
4523_01_01,True
4523_02_01,False
4523_03_01,False
4523_04_01,True
4523_05_01,True
4523_06_01,False
4525_01_01,True
4526_01_01,False
4527_01_01,False
4528_01_01,True
4536_01_01,True
4540_01_01,True
4541_01_01,True
4545_01_01,False
4548_01_01,False
4551_01_01,True
4551_02_01,False
4551_03_01,True
4551_04_01,False
4554_01_01,False
4556_01_01,False
4566_01_01,False
4578_01_01,True
4579_01_01,False
4582_01_01,False
4582_02_01,True
4582_03_01,True
4582_04_01,True
4582_05_01,True
4582_06_01,True
4582_07_01,True
4583_01_01,False
4583_02_01,True
4583_03_01,False
4584_01_01,False
4588_01_01,False
4589_01_01,True
4590_01_01,False
4598_01_01,True
4599_01_01,False
4600_01_01,True
4600_02_01,True
4601_01_01,False
4614_01_01,False
4614_02_01,True
4616_01_01,False
4618_01_01,False
4619_01_01,False
4626_01_01,True
4626_02_01,True
4627_01_01,False
4629_01_01,False
4636_01_01,True
4639_01_01,True
4639_02_01,True
4639_03_01,False
4639_04_01,True
4639_05_01,False
4639_06_01,False
4647_01_01,False
4660_01_01,False
4666_01_01,False
4669_01_01,False
4670_01_01,False
4671_01_01,True
4671_02_01,False
4671_03_01,True
4671_04_01,True
4674_01_01,False
4675_01_01,True
4675_02_01,False
4681_01_01,True
4682_01_01,True
4683_01_01,False
4683_02_01,False
4685_01_01,False
4687_01_01,False
4688_01_01,False
4692_01_01,False
4697_01_01,False
4698_01_01,True
4700_01_01,True
4701_01_01,True
4701_02_01,True
4701_03_01,False
4701_04_01,False
4702_01_01,True
4702_02_01,False
4703_01_01,False
4703_02_01,False
4705_01_01,False
4705_02_01,False
4707_01_01,False
4707_02_01,False
4715_01_01,False
4716_01_01,True
4718_01_01,True
4722_01_01,False
4724_01_01,False
4727_01_01,False
4727_02_01,True
4729_01_01,True
4731_01_01,False
4734_01_01,False
4735_01_01,True
4736_01_01,False
4737_01_01,False
4740_01_01,True
4742_01_01,False
4745_01_01,True
4747_01_01,True
4747_02_01,False
4749_01_01,True
4751_01_01,False
4760_01_01,True
4761_01_01,True
4761_02_01,False
4761_03_01,False
4765_01_01,True
4766_01_01,False
4767_01_01,False
4768_01_01,False
4768_02_01,False
4771_01_01,False
4776_01_01,True
4776_02_01,False
4776_03_01,False
4776_04_01,True
4779_01_01,False
4781_01_01,False
4789_01_01,True
4799_01_01,False
4799_02_01,False
4799_03_01,False
4800_01_01,False
4802_01_01,True
4802_02_01,False
4805_01_01,True
4806_01_01,False
4809_01_01,False
4811_01_01,False
4812_01_01,False
4816_01_01,False
4820_01_01,False
4820_02_01,True
4821_01_01,True
4824_01_01,False
4825_01_01,False
4826_01_01,False
4833_01_01,True
4833_02_01,True
4834_01_01,False
4835_01_01,False
4839_01_01,True
4843_01_01,False
4843_02_01,True
4844_01_01,True
4849_01_01,False
4852_01_01,True
4854_01_01,False
4855_01_01,True
4855_02_01,False
4858_01_01,False
4859_01_01,False
4860_01_01,True
4861_01_01,False
4865_01_01,True
4867_01_01,False
4869_01_01,True
4872_01_01,False
4877_01_01,False
4894_01_01,True
4905_01_01,True
4906_01_01,False
4907_01_01,False
4908_01_01,False
4914_01_01,False
4919_01_01,True
4921_01_01,True
4922_01_01,False
4926_01_01,False
4928_01_01,True
4931_01_01,False
4935_01_01,False
4935_02_01,True
4935_03_01,True
4936_01_01,True
4947_01_01,False
4948_01_01,False
4949_01_01,False
4949_02_01,True
4953_01_01,False
4955_01_01,True
4957_01_01,True
4959_01_01,False
4960_01_01,False
4962_01_01,True
4966_01_01,True
4966_02_01,False
4967_01_01,True
4968_01_01,False
4969_01_01,True
4969_02_01,True
4971_01_01,True
4976_01_01,True
4982_01_01,False
4984_01_01,False
4984_02_01,False
4985_01_01,True
4986_01_01,True
4988_01_01,False
4993_01_01,True
4994_01_01,False
5001_01_01,True
5002_01_01,True
5011_01_01,True
5022_01_01,False
5024_01_01,True
5024_02_01,False
5024_03_01,True
5024_04_01,False
5024_05_01,True
5026_01_01,False
5029_01_01,True
5029_02_01,False
5030_01_01,False
5031_01_01,False
5031_02_01,False
5033_01_01,False
5033_02_01,True
5037_01_01,False
5038_01_01,True
5038_02_01,True
5041_01_01,True
5043_01_01,False
5043_02_01,True
5043_03_01,False
5045_01_01,False
5046_01_01,False
5047_01_01,True
5049_01_01,False
5053_01_01,False
5054_01_01,False
5055_01_01,False
5056_01_01,False
5056_02_01,True
5066_01_01,True
5071_01_01,False
5075_01_01,False
5077_01_01,False
5078_01_01,False
5079_01_01,False
5081_01_01,False
5082_01_01,False
5086_01_01,False
5086_02_01,False
5092_01_01,False
5094_01_01,False
5094_02_01,True
5096_01_01,False
5096_02_01,False
5098_01_01,False
5098_02_01,True
5098_03_01,True
5099_01_01,False
5100_01_01,False
5101_01_01,False
5102_01_01,True
5107_01_01,False
5110_01_01,True
5113_01_01,False
5114_01_01,False
5117_01_01,False
5118_01_01,True
5119_01_01,False
5121_01_01,False
5123_01_01,False
5131_01_01,True
5131_02_01,False
5134_01_01,False
5135_01_01,False
5139_01_01,True
5141_01_01,False
5143_01_01,False
5147_01_01,False
5149_01_01,False
5149_02_01,True
5150_01_01,False
5153_01_01,False
5155_01_01,False
5159_01_01,True
5159_02_01,False
5164_01_01,True
5164_02_01,True
5168_01_01,False
5169_01_01,True
5172_01_01,False
5178_01_01,False
5183_01_01,False
5189_01_01,True
5191_01_01,False
5195_01_01,True
5200_01_01,False
5203_01_01,True
5203_02_01,True
5212_01_01,True
5215_01_01,False
5219_01_01,False
5219_02_01,False
5222_01_01,False
5228_01_01,False
5228_02_01,True
5231_01_01,False
5232_01_01,True
5232_02_01,True
5233_01_01,False
5237_01_01,True
5241_01_01,True
5241_02_01,True
5245_01_01,True
5259_01_01,True
5261_01_01,False
5263_01_01,True
5267_01_01,True
5267_02_01,False
5267_03_01,False
5270_01_01,False
5283_01_01,True
5284_01_01,False
5285_01_01,True
5286_01_01,True
5289_01_01,False
5293_01_01,False
5293_02_01,True
5294_01_01,True
5295_01_01,True
5296_01_01,False
5302_01_01,True
5306_01_01,True
5306_02_01,False
5308_01_01,True
5308_02_01,False
5308_03_01,False
5309_01_01,False
5311_01_01,False
5317_01_01,False
5317_02_01,True
5318_01_01,False
5318_02_01,False
5319_01_01,False
5321_01_01,True
5324_01_01,False
5328_01_01,False
5329_01_01,False
5329_02_01,True
5329_03_01,True
5329_04_01,False
5329_05_01,True
5329_06_01,True
5329_07_01,True
5332_01_01,False
5335_01_01,True
5335_02_01,False
5335_03_01,True
5335_04_01,True
5336_01_01,False
5338_01_01,False
5339_01_01,True
5339_02_01,False
5339_03_01,True
5342_01_01,False
5349_01_01,True
5352_01_01,True
5357_01_01,False
5357_02_01,False
5357_03_01,False
5357_04_01,False
5358_01_01,False
5364_01_01,True
5369_01_01,False
5369_02_01,False
5369_03_01,True
5370_01_01,False
5371_01_01,False
5371_02_01,False
5371_03_01,False
5371_04_01,True
5373_01_01,False
5376_01_01,True
5376_02_01,False
5377_01_01,True
5381_01_01,False
5382_01_01,True
5382_02_01,True
5386_01_01,False
5391_01_01,False
5393_01_01,False
5398_01_01,False
5399_01_01,False
5400_01_01,False
5403_01_01,False
5405_01_01,False
5407_01_01,False
5409_01_01,False
5417_01_01,False
5419_01_01,True
5426_01_01,False
5428_01_01,True
5428_02_01,True
5429_01_01,True
5432_01_01,False
5433_01_01,False
5439_01_01,False
5442_01_01,True
5444_01_01,True
5448_01_01,False
5449_01_01,True
5456_01_01,True
5460_01_01,False
5461_01_01,True
5464_01_01,True
5473_01_01,True
5473_02_01,False
5481_01_01,False
5482_01_01,True
5482_02_01,False
5486_01_01,True
5493_01_01,True
5495_01_01,False
5498_01_01,False
5498_02_01,False
5502_01_01,False
5503_01_01,False
5505_01_01,True
5505_02_01,False
5505_03_01,True
5513_01_01,True
5513_02_01,True
5513_03_01,False
5513_04_01,True
5516_01_01,False
5518_01_01,True
5519_01_01,False
5525_01_01,True
5532_01_01,True
5533_01_01,True
5534_01_01,True
5542_01_01,True
5547_01_01,False
5548_01_01,True
5549_01_01,False
5553_01_01,False
5553_02_01,False
5554_01_01,False
5558_01_01,False
5562_01_01,False
5562_02_01,True
5564_01_01,True
5565_01_01,False
5567_01_01,False
5570_01_01,True
5576_01_01,False
5577_01_01,True
5577_02_01,True
5577_03_01,True
5577_04_01,True
5577_05_01,True
5579_01_01,False
5584_01_01,False
5584_02_01,False
5588_01_01,False
5588_02_01,True
5588_03_01,True
5588_04_01,True
5588_05_01,False
5590_01_01,True
5593_01_01,False
5597_01_01,True
5600_01_01,True
5604_01_01,True
5605_01_01,False
5607_01_01,False
5612_01_01,True
5617_01_01,False
5620_01_01,False
5620_02_01,False
5621_01_01,False
5624_01_01,False
5630_01_01,False
5632_01_01,False
5633_01_01,False
5634_01_01,False
5635_01_01,False
5636_01_01,True
5638_01_01,False
5641_01_01,False
5649_01_01,True
5654_01_01,False
5656_01_01,False
5657_01_01,True
5658_01_01,False
5660_01_01,False
5664_01_01,True
5664_02_01,True
5664_03_01,True
5664_04_01,True
5665_01_01,False
5666_01_01,False
5668_01_01,False
5669_01_01,False
5670_01_01,False
5672_01_01,False
5675_01_01,True
5676_01_01,False
5678_01_01,False
5678_02_01,False
5682_01_01,True
5683_01_01,False
5690_01_01,False
5691_01_01,False
5694_01_01,False
5697_01_01,False
5699_01_01,False
5703_01_01,False
5708_01_01,False
5715_01_01,False
5715_02_01,False
5720_01_01,False
5720_02_01,False
5731_01_01,True
5731_02_01,False
5734_01_01,False
5734_02_01,False
5741_01_01,False
5743_01_01,False
5745_01_01,True
5749_01_01,True
5752_01_01,True
5753_01_01,False
5754_01_01,False
5759_01_01,False
5760_01_01,False
5762_01_01,False
5766_01_01,False
5770_01_01,False
5774_01_01,True
5775_01_01,False
5782_01_01,False
5782_02_01,True
5782_03_01,False
5782_04_01,False
5784_01_01,False
5787_01_01,False
5787_02_01,True
5787_03_01,True
5789_01_01,True
5789_02_01,False
5797_01_01,True
5798_01_01,False
5801_01_01,True
5803_01_01,False
5805_01_01,False
5807_01_01,False
5815_01_01,True
5815_02_01,False
5815_03_01,False
5815_04_01,True
5830_01_01,False
5832_01_01,True
5833_01_01,False
5838_01_01,True
5841_01_01,True
5841_02_01,True
5841_03_01,False
5845_01_01,True
5850_01_01,True
5851_01_01,False
5851_02_01,True
5853_01_01,False
5862_01_01,True
5864_01_01,True
5865_01_01,False
5866_01_01,True
5870_01_01,False
5872_01_01,False
5873_01_01,False
5873_02_01,False
5873_03_01,False
5881_01_01,True
5883_01_01,False
5884_01_01,False
5892_01_01,False
5893_01_01,False
5893_02_01,True
5895_01_01,False
5896_01_01,False
5899_01_01,False
5904_01_01,False
5904_02_01,False
5910_01_01,True
5911_01_01,True
5911_02_01,True
5911_03_01,False
5911_04_01,False
5911_05_01,True
5911_06_01,True
5914_01_01,False
5917_01_01,False
5918_01_01,False
5926_01_01,False
5929_01_01,False
5932_01_01,True
5935_01_01,False
5936_01_01,False
5936_02_01,True
5936_03_01,False
5936_04_01,True
5936_05_01,False
5937_01_01,True
5940_01_01,False
5942_01_01,True
5942_02_01,True
5943_01_01,False
5948_01_01,False
5958_01_01,False
5961_01_01,False
5961_02_01,True
5962_01_01,False
5964_01_01,True
5964_02_01,False
5966_01_01,True
5966_02_01,True
5978_01_01,False
5978_02_01,True
5979_01_01,True
5982_01_01,False
5996_01_01,True
5997_01_01,True
5997_02_01,False
6002_01_01,True
6005_01_01,True
6005_02_01,True
6005_03_01,True
6005_04_01,False
6005_05_01,True
6009_01_01,True
6009_02_01,False
6012_01_01,False
6013_01_01,False
6018_01_01,True
6021_01_01,False
6023_01_01,True
6037_01_01,True
6044_01_01,False
6044_02_01,False
6046_01_01,True
6050_01_01,False
6051_01_01,False
6051_02_01,True
6053_01_01,False
6056_01_01,False
6057_01_01,False
6060_01_01,False
6063_01_01,True
6072_01_01,True
6074_01_01,True
6074_02_01,False
6074_03_01,True
6078_01_01,True
6079_01_01,False
6081_01_01,False
6081_02_01,False
6081_03_01,False
6081_04_01,True
6083_01_01,True
6084_01_01,False
6088_01_01,False
6089_01_01,False
6093_01_01,True
6097_01_01,False
6100_01_01,True
6104_01_01,False
6113_01_01,False
6114_01_01,False
6119_01_01,False
6119_02_01,False
6119_03_01,False
6125_01_01,False
6129_01_01,True
6131_01_01,False
6134_01_01,False
6140_01_01,False
6142_01_01,True
6142_02_01,True
6144_01_01,False
6147_01_01,False
6151_01_01,False
6151_02_01,False
6154_01_01,True
6159_01_01,True
6160_01_01,False
6160_02_01,False
6161_01_01,True
6164_01_01,False
6165_01_01,True
6177_01_01,True
6183_01_01,False
6185_01_01,True
6187_01_01,True
6188_01_01,False
6190_01_01,True
6193_01_01,False
6193_02_01,False
6193_03_01,False
6193_04_01,False
6195_01_01,False
6196_01_01,False
6197_01_01,False
6198_01_01,False
6202_01_01,True
6203_01_01,False
6204_01_01,False
6209_01_01,True
6209_02_01,True
6210_01_01,False
6212_01_01,False
6214_01_01,False
6217_01_01,False
6217_02_01,True
6221_01_01,False
6226_01_01,False
6231_01_01,True
6231_02_01,False
6231_03_01,False
6233_01_01,False
6233_02_01,True
6233_03_01,True
6235_01_01,False
6240_01_01,False
6242_01_01,False
6244_01_01,False
6244_02_01,False
6247_01_01,False
6255_01_01,False
6257_01_01,False
6257_02_01,False
6257_03_01,True
6258_01_01,False
6259_01_01,False
6260_01_01,False
6260_02_01,True
6261_01_01,False
6261_02_01,True
6267_01_01,False
6267_02_01,False
6267_03_01,False
6267_04_01,True
6267_05_01,False
6267_06_01,False
6269_01_01,True
6269_02_01,True
6269_03_01,False
6272_01_01,True
6272_02_01,False
6275_01_01,False
6278_01_01,True
6278_02_01,False
6284_01_01,False
6286_01_01,True
6286_02_01,True
6287_01_01,False
6287_02_01,False
6288_01_01,True
6288_02_01,True
6288_03_01,True
6288_04_01,False
6291_01_01,True
6294_01_01,False
6295_01_01,True
6295_02_01,False
6298_01_01,False
6303_01_01,False
6306_01_01,True
6307_01_01,True
6310_01_01,False
6311_01_01,False
6312_01_01,True
6312_02_01,False
6314_01_01,False
6329_01_01,False
6332_01_01,False
6332_02_01,False
6332_03_01,False
6332_04_01,True
6332_05_01,False
6332_06_01,False
6332_07_01,False
6332_08_01,False
6333_01_01,False
6336_01_01,False
6337_01_01,True
6342_01_01,True
6342_02_01,False
6345_01_01,False
6345_02_01,False
6350_01_01,False
6352_01_01,True
6352_02_01,False
6358_01_01,False
6358_02_01,True
6359_01_01,True
6362_01_01,True
6364_01_01,True
6375_01_01,False
6377_01_01,False
6379_01_01,False
6382_01_01,True
6383_01_01,True
6383_02_01,True
6383_03_01,False
6384_01_01,False
6386_01_01,True
6387_01_01,False
6389_01_01,True
6391_01_01,False
6391_02_01,True
6392_01_01,False
6393_01_01,True
6395_01_01,False
6401_01_01,False
6401_02_01,True
6403_01_01,False
6410_01_01,False
6410_02_01,False
6417_01_01,False
6420_01_01,True
6423_01_01,False
6425_01_01,False
6425_02_01,True
6426_01_01,True
6427_01_01,False
6429_01_01,False
6435_01_01,False
6438_01_01,False
6440_01_01,True
6441_01_01,True
6445_01_01,True
6460_01_01,True
6465_01_01,True
6466_01_01,False
6467_01_01,True
6469_01_01,True
6474_01_01,False
6476_01_01,True
6479_01_01,True
6479_02_01,False
6483_01_01,False
6484_01_01,False
6486_01_01,True
6491_01_01,True
6491_02_01,False
6491_03_01,True
6495_01_01,False
6496_01_01,False
6496_02_01,False
6497_01_01,False
6498_01_01,False
6499_01_01,True
6499_02_01,False
6499_03_01,True
6499_04_01,True
6499_05_01,False
6499_06_01,True
6499_07_01,False
6499_08_01,False
6504_01_01,True
6504_02_01,False
6505_01_01,False
6506_01_01,False
6506_02_01,False
6507_01_01,True
6515_01_01,False
6516_01_01,False
6516_02_01,True
6518_01_01,False
6519_01_01,False
6521_01_01,False
6524_01_01,True
6527_01_01,True
6528_01_01,False
6532_01_01,True
6533_01_01,False
6533_02_01,False
6534_01_01,True
6536_01_01,False
6537_01_01,False
6538_01_01,False
6542_01_01,True
6543_01_01,True
6550_01_01,True
6551_01_01,True
6554_01_01,False
6555_01_01,True
6559_01_01,True
6559_02_01,False
6559_03_01,False
6564_01_01,False
6564_02_01,False
6566_01_01,False
6571_01_01,False
6575_01_01,True
6576_01_01,False
6577_01_01,True
6577_02_01,True
6577_03_01,False
6579_01_01,True
6581_01_01,False
6584_01_01,False
6586_01_01,False
6587_01_01,True
6589_01_01,False
6596_01_01,False
6596_02_01,False
6597_01_01,False
6600_01_01,False
6600_02_01,False
6605_01_01,True
6605_02_01,True
6607_01_01,True
6610_01_01,False
6612_01_01,False
6612_02_01,False
6612_03_01,False
6612_04_01,False
6612_05_01,True
6612_06_01,False
6615_01_01,False
6617_01_01,False
6617_02_01,True
6617_03_01,True
6619_01_01,True
6627_01_01,False
6629_01_01,False
6632_01_01,False
6636_01_01,False
6640_01_01,True
6644_01_01,False
6648_01_01,False
6651_01_01,False
6653_01_01,False
6657_01_01,True
6658_01_01,False
6658_02_01,False
6658_03_01,False
6661_01_01,False
6666_01_01,False
6677_01_01,False
6678_01_01,True
6678_02_01,True
6679_01_01,True
6682_01_01,False
6682_02_01,True
6685_01_01,True
6686_01_01,False
6687_01_01,False
6688_01_01,True
6689_01_01,False
6689_02_01,False
6690_01_01,True
6695_01_01,True
6696_01_01,False
6700_01_01,False
6700_02_01,False
6701_01_01,False
6703_01_01,False
6704_01_01,False
6705_01_01,False
6710_01_01,False
6712_01_01,False
6714_01_01,False
6715_01_01,True
6716_01_01,False
6717_01_01,True
6723_01_01,False
6728_01_01,True
6732_01_01,False
6733_01_01,False
6735_01_01,False
6737_01_01,False
6738_01_01,True
6738_02_01,False
6740_01_01,False
6743_01_01,False
6752_01_01,False
6752_02_01,True
6752_03_01,False
6755_01_01,False
6759_01_01,True
6767_01_01,False
6767_02_01,False
6768_01_01,True
6769_01_01,True
6770_01_01,True
6770_02_01,True
6770_03_01,True
6771_01_01,True
6772_01_01,False
6772_02_01,False
6777_01_01,True
6781_01_01,True
6783_01_01,True
6785_01_01,False
6790_01_01,True
6791_01_01,True
6793_01_01,False
6793_02_01,False
6795_01_01,False
6797_01_01,False
6803_01_01,False
6804_01_01,False
6807_01_01,True
6807_02_01,False
6809_01_01,True
6811_01_01,False
6812_01_01,False
6812_02_01,False
6815_01_01,False
6819_01_01,False
6819_02_01,True
6819_03_01,True
6823_01_01,True
6828_01_01,False
6830_01_01,False
6835_01_01,False
6835_02_01,True
6836_01_01,False
6838_01_01,True
6838_02_01,True
6838_03_01,True
6842_01_01,False
6845_01_01,True
6846_01_01,True
6847_01_01,True
6849_01_01,False
6852_01_01,False
6852_02_01,True
6855_01_01,False
6856_01_01,True
6860_01_01,False
6867_01_01,False
6870_01_01,False
6872_01_01,False
6874_01_01,True
6875_01_01,True
6875_02_01,True
6875_03_01,True
6876_01_01,False
6876_02_01,True
6876_03_01,True
6877_01_01,True
6878_01_01,False
6881_01_01,True
6884_01_01,False
6886_01_01,True
6888_01_01,False
6888_02_01,False
6888_03_01,False
6888_04_01,False
6890_01_01,False
6897_01_01,False
6904_01_01,False
6904_02_01,False
6904_03_01,False
6909_01_01,False
6914_01_01,True
6916_01_01,False
6919_01_01,False
6922_01_01,True
6923_01_01,False
6927_01_01,False
6933_01_01,True
6933_02_01,False
6935_01_01,True
6936_01_01,True
6936_02_01,False
6936_03_01,True
6938_01_01,True
6941_01_01,False
6942_01_01,False
6948_01_01,False
6952_01_01,False
6953_01_01,False
6955_01_01,False
6956_01_01,False
6958_01_01,False
6959_01_01,False
6959_02_01,True
6959_03_01,True
6961_01_01,False
6961_02_01,True
6965_01_01,False
6969_01_01,False
6974_01_01,False
6975_01_01,False
6983_01_01,False
6983_02_01,False
6986_01_01,True
6986_02_01,False
6986_03_01,True
6986_04_01,True
6986_05_01,False
6986_06_01,True
6986_07_01,True
6986_08_01,True
6989_01_01,True
6993_01_01,True
7000_01_01,False
7003_01_01,False
7009_01_01,True
7009_02_01,False
7012_01_01,False
7023_01_01,False
7024_01_01,True
7030_01_01,False
7033_01_01,False
7035_01_01,False
7043_01_01,False
7046_01_01,True
7046_02_01,True
7046_03_01,True
7054_01_01,False
7054_02_01,True
7055_01_01,False
7063_01_01,False
7063_02_01,False
7064_01_01,False
7065_01_01,True
7066_01_01,False
7066_02_01,False
7067_01_01,True
7067_02_01,True
7067_03_01,False
7070_01_01,True
7075_01_01,False
7076_01_01,False
7081_01_01,False
7081_02_01,True
7100_01_01,True
7100_02_01,True
7101_01_01,True
7101_02_01,True
7102_01_01,False
7103_01_01,False
7103_02_01,True
7107_01_01,False
7108_01_01,False
7112_01_01,False
7115_01_01,False
7122_01_01,False
7123_01_01,False
7124_01_01,True
7124_02_01,True
7124_03_01,True
7125_01_01,False
7129_01_01,False
7130_01_01,True
7130_02_01,True
7130_03_01,True
7130_04_01,False
7130_05_01,True
7130_06_01,True
7130_07_01,False
7131_01_01,False
7135_01_01,True
7135_02_01,True
7135_03_01,False
7135_04_01,False
7136_01_01,False
7138_01_01,False
7139_01_01,True
7141_01_01,False
7145_01_01,False
7146_01_01,True
7147_01_01,True
7150_01_01,False
7150_02_01,False
7153_01_01,False
7154_01_01,True
7158_01_01,False
7163_01_01,True
7163_02_01,True
7163_03_01,True
7164_01_01,True
7169_01_01,False
7172_01_01,False
7172_02_01,False
7174_01_01,False
7178_01_01,False
7183_01_01,False
7185_01_01,False
7195_01_01,True
7196_01_01,True
7198_01_01,False
7201_01_01,True
7204_01_01,True
7209_01_01,False
7209_02_01,False
7211_01_01,False
7212_01_01,False
7213_01_01,False
7220_01_01,False
7222_01_01,False
7223_01_01,False
7228_01_01,False
7231_01_01,False
7237_01_01,True
7239_01_01,False
7241_01_01,True
7241_02_01,False
7243_01_01,True
7243_02_01,True
7243_03_01,True
7243_04_01,False
7243_05_01,False
7244_01_01,True
7245_01_01,False
7248_01_01,True
7248_02_01,False
7251_01_01,True
7254_01_01,True
7262_01_01,False
7263_01_01,False
7264_01_01,False
7265_01_01,False
7266_01_01,False
7266_02_01,False
7266_03_01,True
7269_01_01,False
7269_02_01,False
7272_01_01,True
7275_01_01,True
7281_01_01,False
7282_01_01,True
7286_01_01,False
7287_01_01,False
7288_01_01,False
7291_01_01,False
7293_01_01,False
7294_01_01,False
7295_01_01,False
7295_02_01,True
7299_01_01,False
7308_01_01,False
7312_01_01,False
7315_01_01,False
7316_01_01,False
7317_01_01,False
7318_01_01,True
7319_01_01,True
7319_02_01,True
7319_03_01,False
7325_01_01,False
7329_01_01,False
7329_02_01,False
7329_03_01,True
7333_01_01,False
7335_01_01,True
7345_01_01,False
7348_01_01,False
7348_02_01,True
7348_03_01,True
7349_01_01,False
7352_01_01,False
7354_01_01,True
7354_02_01,True
7354_03_01,False
7354_04_01,False
7354_05_01,False
7354_06_01,False
7355_01_01,False
7357_01_01,False
7362_01_01,False
7363_01_01,False
7364_01_01,False
7368_01_01,False
7369_01_01,False
7373_01_01,False
7373_02_01,True
7375_01_01,False
7378_01_01,False
7380_01_01,False
7380_02_01,True
7380_03_01,False
7380_04_01,True
7381_01_01,True
7382_01_01,False
7383_01_01,True
7383_02_01,False
7384_01_01,False
7386_01_01,False
7389_01_01,False
7397_01_01,True
7400_01_01,False
7404_01_01,False
7407_01_01,False
7409_01_01,False
7409_02_01,False
7412_01_01,True
7413_01_01,True
7413_02_01,True
7414_01_01,True
7415_01_01,False
7417_01_01,False
7417_02_01,False
7420_01_01,False
7421_01_01,True
7421_02_01,True
7423_01_01,False
7423_02_01,True
7424_01_01,False
7426_01_01,False
7426_02_01,False
7426_03_01,True
7433_01_01,False
7434_01_01,False
7439_01_01,False
7439_02_01,False
7440_01_01,False
7441_01_01,False
7443_01_01,False
7451_01_01,False
7454_01_01,False
7463_01_01,False
7465_01_01,False
7466_01_01,False
7467_01_01,False
7468_01_01,False
7469_01_01,False
7470_01_01,True
7471_01_01,True
7471_02_01,False
7473_01_01,False
7473_02_01,True
7474_01_01,False
7476_01_01,False
7480_01_01,True
7482_01_01,False
7482_02_01,False
7489_01_01,True
7489_02_01,False
7489_03_01,False
7491_01_01,True
7493_01_01,False
7497_01_01,False
7511_01_01,False
7516_01_01,False
7519_01_01,False
7526_01_01,False
7528_01_01,False
7528_02_01,True
7528_03_01,False
7528_04_01,True
7530_01_01,True
7530_02_01,True
7530_03_01,False
7530_04_01,True
7532_01_01,True
7537_01_01,True
7539_01_01,False
7539_02_01,False
7540_01_01,False
7541_01_01,False
7541_02_01,True
7541_03_01,False
7546_01_01,True
7547_01_01,False
7548_01_01,False
7551_01_01,False
7554_01_01,False
7555_01_01,True
7556_01_01,True
7556_02_01,True
7556_03_01,False
7556_04_01,True
7557_01_01,False
7557_02_01,False
7557_03_01,True
7558_01_01,False
7558_02_01,True
7562_01_01,False
7564_01_01,False
7566_01_01,False
7570_01_01,False
7570_02_01,False
7571_01_01,False
7575_01_01,False
7581_01_01,False
7582_01_01,True
7582_02_01,True
7582_03_01,True
7582_04_01,False
7582_05_01,True
7587_01_01,False
7589_01_01,True
7590_01_01,False
7591_01_01,False
7591_02_01,True
7593_01_01,True
7597_01_01,True
7597_02_01,True
7597_03_01,True
7597_04_01,False
7597_05_01,True
7597_06_01,True
7597_07_01,False
7600_01_01,True
7600_02_01,False
7602_01_01,True
7603_01_01,False
7607_01_01,False
7610_01_01,True
7610_02_01,False
7611_01_01,True
7611_02_01,False
7612_01_01,False
7612_02_01,False
7613_01_01,True
7615_01_01,False
7617_01_01,False
7619_01_01,False
7629_01_01,False
7629_02_01,False
7629_03_01,True
7636_01_01,False
7637_01_01,True
7637_02_01,False
7637_03_01,True
7638_01_01,False
7642_01_01,False
7645_01_01,True
7648_01_01,True
7651_01_01,True
7653_01_01,True
7654_01_01,False
7655_01_01,True
7657_01_01,False
7658_01_01,False
7659_01_01,False
7662_01_01,False
7663_01_01,True
7664_01_01,False
7668_01_01,False
7672_01_01,False
7673_01_01,True
7674_01_01,True
7675_01_01,False
7681_01_01,False
7685_01_01,False
7686_01_01,False
7695_01_01,True
7701_01_01,True
7704_01_01,True
7706_01_01,False
7718_01_01,False
7722_01_01,True
7725_01_01,False
7726_01_01,False
7730_01_01,False
7732_01_01,True
7733_01_01,False
7734_01_01,True
7735_01_01,False
7737_01_01,False
7740_01_01,True
7740_02_01,True
7745_01_01,False
7750_01_01,True
7756_01_01,False
7758_01_01,False
7759_01_01,False
7762_01_01,False
7765_01_01,True
7765_02_01,False
7765_03_01,False
7766_01_01,False
7772_01_01,False
7779_01_01,True
7781_01_01,True
7792_01_01,True
7792_02_01,True
7792_03_01,True
7792_04_01,False
7792_05_01,True
7794_01_01,False
7795_01_01,False
7795_02_01,False
7796_01_01,False
7798_01_01,False
7798_02_01,True
7799_01_01,False
7804_01_01,False
7807_01_01,False
7811_01_01,True
7814_01_01,False
7817_01_01,True
7819_01_01,False
7822_01_01,False
7823_01_01,True
7825_01_01,False
7825_02_01,False
7825_03_01,True
7826_01_01,True
7827_01_01,False
7836_01_01,True
7838_01_01,False
7844_01_01,False
7846_01_01,False
7846_02_01,True
7854_01_01,True
7855_01_01,False
7857_01_01,False
7860_01_01,False
7862_01_01,True
7867_01_01,False
7869_01_01,True
7874_01_01,False
7874_02_01,True
7876_01_01,False
7880_01_01,False
7880_02_01,True
7887_01_01,False
7893_01_01,False
7893_02_01,False
7893_03_01,True
7893_04_01,False
7893_05_01,True
7896_01_01,False
7898_01_01,False
7900_01_01,True
7906_01_01,True
7909_01_01,True
7909_02_01,False
7911_01_01,False
7912_01_01,False
7915_01_01,False
7915_02_01,False
7915_03_01,False
7917_01_01,True
7921_01_01,False
7921_02_01,False
7923_01_01,True
7925_01_01,False
7927_01_01,True
7927_02_01,True
7927_03_01,False
7928_01_01,False
7931_01_01,False
7932_01_01,False
7933_01_01,False
7934_01_01,True
7934_02_01,False
7934_03_01,True
7938_01_01,True
7942_01_01,False
7942_02_01,True
7948_01_01,True
7951_01_01,True
7953_01_01,False
7956_01_01,False
7959_01_01,True
7961_01_01,False
7963_01_01,True
7963_02_01,False
7963_03_01,True
7964_01_01,False
7965_01_01,False
7966_01_01,False
7969_01_01,True
7971_01_01,False
7971_02_01,True
7975_01_01,False
7977_01_01,False
7978_01_01,True
7978_02_01,True
7979_01_01,False
7980_01_01,False
7991_01_01,True
7991_02_01,True
7991_03_01,True
7991_04_01,False
7992_01_01,False
7997_01_01,True
7998_01_01,False
7998_02_01,False
7998_03_01,False
7998_04_01,True
8001_01_01,False
8002_01_01,False
8008_01_01,False
8009_01_01,False
8011_01_01,False
8013_01_01,False
8017_01_01,False
8022_01_01,False
8028_01_01,False
8033_01_01,False
8039_01_01,True
8039_02_01,False
8040_01_01,False
8041_01_01,False
8041_02_01,True
8044_01_01,False
8045_01_01,True
8047_01_01,True
8048_01_01,True
8051_01_01,True
8051_02_01,False
8061_01_01,True
8061_02_01,False
8062_01_01,False
8065_01_01,False
8070_01_01,False
8073_01_01,False
8074_01_01,False
8080_01_01,True
8090_01_01,False
8093_01_01,False
8095_01_01,False
8096_01_01,False
8099_01_01,True
8100_01_01,False
8101_01_01,False
8104_01_01,False
8109_01_01,True
8110_01_01,False
8111_01_01,True
8113_01_01,True
8113_02_01,True
8113_03_01,True
8113_04_01,False
8114_01_01,False
8125_01_01,False
8125_02_01,True
8126_01_01,False
8127_01_01,False
8132_01_01,True
8134_01_01,False
8142_01_01,False
8145_01_01,True
8146_01_01,True
8151_01_01,False
8154_01_01,True
8155_01_01,False
8160_01_01,True
8163_01_01,False
8166_01_01,False
8169_01_01,False
8170_01_01,True
8172_01_01,False
8174_01_01,True
8179_01_01,False
8180_01_01,False
8181_01_01,False
8181_02_01,False
8181_03_01,True
8183_01_01,False
8184_01_01,False
8185_01_01,False
8187_01_01,False
8188_01_01,True
8193_01_01,True
8195_01_01,False
8196_01_01,False
8196_02_01,False
8198_01_01,False
8201_01_01,False
8206_01_01,False
8215_01_01,True
8223_01_01,False
8228_01_01,False
8230_01_01,False
8234_01_01,False
8236_01_01,True
8240_01_01,False
8241_01_01,False
8245_01_01,True
8245_02_01,False
8246_01_01,False
8249_01_01,True
8250_01_01,False
8253_01_01,True
8256_01_01,True
8258_01_01,False
8262_01_01,False
8263_01_01,False
8269_01_01,False
8274_01_01,False
8278_01_01,False
8283_01_01,True
8284_01_01,True
8284_02_01,False
8285_01_01,False
8286_01_01,False
8290_01_01,False
8293_01_01,True
8296_01_01,False
8299_01_01,False
8304_01_01,False
8304_02_01,True
8304_03_01,False
8305_01_01,False
8305_02_01,True
8305_03_01,False
8308_01_01,True
8309_01_01,True
8311_01_01,False
8312_01_01,True
8325_01_01,False
8325_02_01,False
8327_01_01,False
8331_01_01,False
8337_01_01,False
8340_01_01,False
8340_02_01,True
8340_03_01,False
8347_01_01,False
8349_01_01,True
8350_01_01,False
8351_01_01,False
8352_01_01,True
8353_01_01,False
8355_01_01,True
8357_01_01,True
8357_02_01,True
8358_01_01,True
8359_01_01,False
8361_01_01,False
8361_02_01,True
8361_03_01,False
8361_04_01,True
8361_05_01,False
8364_01_01,True
8367_01_01,False
8370_01_01,False
8370_02_01,False
8372_01_01,False
8385_01_01,False
8385_02_01,False
8385_03_01,True
8387_01_01,True
8389_01_01,True
8391_01_01,False
8396_01_01,True
8399_01_01,True
8400_01_01,True
8400_02_01,False
8400_03_01,True
8402_01_01,False
8402_02_01,False
8402_03_01,False
8408_01_01,True
8408_02_01,False
8412_01_01,True
8413_01_01,True
8415_01_01,False
8417_01_01,True
8422_01_01,True
8424_01_01,False
8425_01_01,True
8425_02_01,True
8426_01_01,True
8426_02_01,False
8428_01_01,False
8434_01_01,False
8435_01_01,False
8436_01_01,False
8439_01_01,False
8440_01_01,True
8440_02_01,True
8440_03_01,False
8443_01_01,False
8443_02_01,False
8445_01_01,True
8445_02_01,False
8445_03_01,True
8446_01_01,False
8450_01_01,True
8450_02_01,True
8450_03_01,False
8453_01_01,False
8455_01_01,True
8461_01_01,True
8464_01_01,True
8464_02_01,False
8473_01_01,True
8473_02_01,False
8478_01_01,True
8478_02_01,False
8484_01_01,False
8485_01_01,True
8488_01_01,True
8490_01_01,False
8496_01_01,False
8497_01_01,False
8498_01_01,False
8499_01_01,False
8501_01_01,False
8505_01_01,False
8507_01_01,False
8510_01_01,False
8510_02_01,True
8513_01_01,False
8515_01_01,False
8517_01_01,True
8517_02_01,False
8518_01_01,True
8519_01_01,False
8520_01_01,False
8520_02_01,True
8525_01_01,False
8525_02_01,True
8526_01_01,False
8526_02_01,False
8527_01_01,False
8529_01_01,False
8531_01_01,False
8532_01_01,False
8533_01_01,False
8534_01_01,True
8534_02_01,True
8534_03_01,False
8534_04_01,False
8538_01_01,True
8543_01_01,True
8543_02_01,True
8543_03_01,True
8543_04_01,False
8543_05_01,True
8543_06_01,False
8543_07_01,False
8543_08_01,True
8546_01_01,True
8547_01_01,False
8550_01_01,False
8553_01_01,False
8555_01_01,True
8555_02_01,False
8555_03_01,True
8558_01_01,False
8562_01_01,False
8563_01_01,False
8564_01_01,True
8565_01_01,False
8565_02_01,True
8565_03_01,True
8567_01_01,True
8567_02_01,False
8567_03_01,False
8568_01_01,False
8568_02_01,True
8575_01_01,False
8576_01_01,True
8578_01_01,True
8579_01_01,True
8582_01_01,False
8583_01_01,False
8583_02_01,False
8590_01_01,True
8591_01_01,False
8593_01_01,False
8600_01_01,True
8601_01_01,False
8608_01_01,True
8621_01_01,False
8622_01_01,False
8625_01_01,True
8627_01_01,False
8630_01_01,True
8632_01_01,True
8632_02_01,True
8647_01_01,False
8648_01_01,True
8648_02_01,False
8648_03_01,False
8649_01_01,False
8651_01_01,True
8652_01_01,True
8655_01_01,True
8660_01_01,True
8662_01_01,False
8665_01_01,False
8666_01_01,True
8676_01_01,False
8677_01_01,False
8677_02_01,False
8677_03_01,False
8678_01_01,False
8678_02_01,False
8679_01_01,False
8682_01_01,False
8686_01_01,False
8689_01_01,True
8690_01_01,False
8690_02_01,False
8692_01_01,False
8692_02_01,True
8692_03_01,False
8697_01_01,False
8698_01_01,True
8699_01_01,False
8702_01_01,True
8705_01_01,True
8706_01_01,True
8707_01_01,False
8711_01_01,True
8713_01_01,True
8713_02_01,True
8715_01_01,False
8718_01_01,True
8724_01_01,False
8725_01_01,True
8726_01_01,False
8730_01_01,True
8731_01_01,True
8737_01_01,True
8738_01_01,False
8739_01_01,False
8740_01_01,True
8742_01_01,False
8745_01_01,False
8746_01_01,False
8747_01_01,False
8747_02_01,False
8748_01_01,False
8748_02_01,False
8756_01_01,False
8758_01_01,False
8758_02_01,False
8761_01_01,False
8763_01_01,False
8763_02_01,False
8763_03_01,True
8765_01_01,False
8767_01_01,False
8767_02_01,False
8768_01_01,True
8768_02_01,True
8768_03_01,False
8775_01_01,True
8777_01_01,False
8778_01_01,False
8778_02_01,True
8784_01_01,False
8788_01_01,True
8792_01_01,False
8793_01_01,True
8793_02_01,False
8793_03_01,True
8793_04_01,False
8793_05_01,True
8795_01_01,True
8800_01_01,True
8800_02_01,False
8800_03_01,True
8800_04_01,False
8800_05_01,True
8803_01_01,False
8804_01_01,False
8804_02_01,False
8804_03_01,True
8804_04_01,False
8804_05_01,False
8810_01_01,False
8814_01_01,False
8829_01_01,True
8832_01_01,True
8837_01_01,True
8839_01_01,False
8839_02_01,True
8846_01_01,False
8846_02_01,False
8847_01_01,False
8851_01_01,True
8855_01_01,True
8857_01_01,True
8859_01_01,False
8866_01_01,False
8870_01_01,False
8870_02_01,True
8873_01_01,False
8873_02_01,False
8873_03_01,True
8875_01_01,True
8875_02_01,False
8875_03_01,False
8877_01_01,False
8877_02_01,False
8879_01_01,False
8882_01_01,False
8887_01_01,True
8888_01_01,False
8893_01_01,True
8893_02_01,True
8895_01_01,False
8895_02_01,False
8898_01_01,False
8908_01_01,False
8909_01_01,False
8911_01_01,True
8912_01_01,True
8913_01_01,False
8913_02_01,True
8913_03_01,True
8914_01_01,False
8915_01_01,False
8916_01_01,False
8917_01_01,False
8921_01_01,False
8924_01_01,True
8925_01_01,True
8925_02_01,True
8925_03_01,True
8925_04_01,False
8925_05_01,False
8925_06_01,False
8927_01_01,True
8929_01_01,True
8931_01_01,False
8933_01_01,False
8934_01_01,True
8935_01_01,False
8936_01_01,False
8943_01_01,False
8946_01_01,True
8949_01_01,False
8950_01_01,False
8951_01_01,True
8952_01_01,False
8953_01_01,False
8957_01_01,False
8958_01_01,False
8960_01_01,True
8960_02_01,False
8960_03_01,True
8962_01_01,False
8963_01_01,False
8965_01_01,False
8971_01_01,False
8974_01_01,True
8979_01_01,False
8980_01_01,False
8980_02_01,True
8980_03_01,False
8980_04_01,False
8980_05_01,False
8980_06_01,False
8980_07_01,False
8984_01_01,True
8990_01_01,False
8991_01_01,False
8994_01_01,False
8994_02_01,False
8995_01_01,False
9000_01_01,False
9002_01_01,False
9005_01_01,True
9016_01_01,True
9016_02_01,True
9016_03_01,True
9016_04_01,True
9016_05_01,True
9017_01_01,False
9022_01_01,False
9022_02_01,False
9022_03_01,True
9025_01_01,False
9025_02_01,True
9027_01_01,True
9033_01_01,True
9039_01_01,True
9040_01_01,False
9044_01_01,False
9045_01_01,False
9045_02_01,False
9047_01_01,False
9050_01_01,False
9051_01_01,True
9053_01_01,True
9053_02_01,True
9054_01_01,True
9055_01_01,True
9056_01_01,False
9058_01_01,False
9062_01_01,False
9062_02_01,False
9063_01_01,True
9065_01_01,False
9067_01_01,True
9067_02_01,True
9070_01_01,False
9070_02_01,False
9082_01_01,True
9083_01_01,False
9083_02_01,False
9086_01_01,False
9086_02_01,True
9087_01_01,True
9088_01_01,True
9090_01_01,False
9091_01_01,False
9092_01_01,False
9093_01_01,True
9095_01_01,False
9096_01_01,False
9096_02_01,False
9100_01_01,False
9102_01_01,False
9105_01_01,False
9109_01_01,False
9113_01_01,False
9117_01_01,False
9121_01_01,False
9123_01_01,False
9133_01_01,False
9135_01_01,True
9138_01_01,False
9143_01_01,True
9143_02_01,True
9143_03_01,False
9146_01_01,False
9146_02_01,True
9146_03_01,True
9147_01_01,False
9153_01_01,True
9154_01_01,True
9155_01_01,True
9155_02_01,True
9155_03_01,False
9155_04_01,False
9162_01_01,False
9162_02_01,False
9162_03_01,False
9166_01_01,False
9171_01_01,False
9177_01_01,True
9177_02_01,True
9182_01_01,True
9187_01_01,True
9187_02_01,False
9191_01_01,False
9198_01_01,False
9200_01_01,True
9204_01_01,False
9206_01_01,False
9206_02_01,True
9206_03_01,True
9207_01_01,False
9209_01_01,True
9210_01_01,False
9212_01_01,False
9212_02_01,True
9214_01_01,False
9215_01_01,False
9216_01_01,False
9223_01_01,False
9223_02_01,False
9228_01_01,False
9229_01_01,False
9232_01_01,False
9236_01_01,False
9238_01_01,True
9238_02_01,True
9238_03_01,True
9238_04_01,False
9238_05_01,True
9238_06_01,True
9238_07_01,False
9240_01_01,True
9243_01_01,False
9245_01_01,False
9249_01_01,False
9255_01_01,False
9258_01_01,False
9260_01_01,True
9262_01_01,True
9263_01_01,True
9265_01_01,True
9266_01_01,True
9266_02_01,False
9269_01_01,False
9271_01_01,True
9273_01_01,True
9277_01_01,False
